{
    "context":"ewj",
    "appEditor":{"enabled":true},
    "renderEngine":"artTemplate",
    "pages" : [
        {"url":"/index.jsp","name":"首页","pageId":"homePage","template":"pages/index_design.html","dataProcessor":"@process/index_process.jsx",
            "initData":[
                {"dataId":"config.title","dataValue":{"name":"网站标题","value":""},"dataSpec":{"id":"config.title","type":"string"}},
                {"dataId":"config.keywords","dataValue":{"name":"网站关键字","value":""},"dataSpec":{"id":"config.keywords","type":"string"}},
                {"dataId":"config.description","dataValue":{"name":"网站描述","value":""},"dataSpec":{"id":"config.description","type":"string"}},
              {"dataId":"config.accessValidate","dataValue":{"name":"第三方接入验证代码","value":""},"dataSpec":{"id":"config.accessValidate","type":"string"}}
            ]
        },
        {"url":"/header.html","name":"默认页头","pageId":"defaultHeader","template":"pages/header_design.html","dataProcessor":"@process/header_process.jsx"},
        {"url":"/footer.html","name":"默认页脚","pageId":"defaultFooter","template":"pages/footer_design.html","dataProcessor":"@process/footer_process.jsx",
            "initData":[
                {"dataId":"config.our_statistics","dataValue":{"name":"腊肠统计代码","value":""},"dataSpec":{"id":"config.our_statistics","type":"string"}},
                {"dataId":"config.other_statistics","dataValue":{"name":"其他第三方统计代码","value":""},"dataSpec":{"id":"config.other_statistics","type":"string"}}
            ]
        },
        {"url":"/product_list.jsp","name":"商品搜索列表","pageId":"productList","template":"pages/product_list.html","dataProcessor":"@process/product_list_process.jsx","dependsOn":"header,widget"},
        {"url":"/product.jsp","name":"商品详情页","pageId":"productDetail","template":"pages/product_detail.html","dataProcessor":"@process/product_detail_process.jsx","dependsOn":"header,widget"},
        {"url":"/help.html","name":"帮助中心页","pageId":"help","template":"pages/help.html","dataProcessor":"@process/help_process.jsx",
            "initData":[
                {"dataId":"config.title","dataValue":{"name":"网站标题","value":""},"dataSpec":{"id":"config.title","type":"string"}},
                {"dataId":"config.keywords","dataValue":{"name":"网站关键字","value":""},"dataSpec":{"id":"config.keywords","type":"string"}},
                {"dataId":"config.description","dataValue":{"name":"网站描述","value":""},"dataSpec":{"id":"config.description","type":"string"}}
            ]
        },
        {"url":"/about.html","name":"关于我们","pageId":"about","template":"pages/about.html","dataProcessor":"@process/about_process.jsx",
            "initData":[
                {"dataId":"config.title","dataValue":{"name":"网站标题","value":""},"dataSpec":{"id":"config.title","type":"string"}},
                {"dataId":"config.keywords","dataValue":{"name":"网站关键字","value":""},"dataSpec":{"id":"config.keywords","type":"string"}},
                {"dataId":"config.description","dataValue":{"name":"网站描述","value":""},"dataSpec":{"id":"config.description","type":"string"}}
            ]
        }
    ],
    "templates" : [
        {"template":"pages/index_design.html","name":"主页模版","description":"复杂的页面，可以作为首页，频道页等。","dataProcessor":"@process/index_process.jsx",
            "initData":[
                {"dataId":"config.title","dataValue":{"name":"网站标题","value":""},"dataSpec":{"id":"config.title","type":"string"}},
                {"dataId":"config.keywords","dataValue":{"name":"网站关键字","value":""},"dataSpec":{"id":"config.keywords","type":"string"}},
                {"dataId":"config.description","dataValue":{"name":"网站描述","value":""},"dataSpec":{"id":"config.description","type":"string"}},
                {"dataId":"config.accessValidate","dataValue":{"name":"第三方接入验证代码","value":""},"dataSpec":{"id":"config.accessValidate","type":"string"}}
            ]
        },
        {"template":"pages/header_design.html","name":"默认页头模版","description":"默认页头","dataProcessor":"@process/header_process.jsx"},
        {"template":"pages/footer_design.html","name":"默认页脚模版","description":"默认页脚","dataProcessor":"@process/footer_process.jsx",
            "initData":[
                {"dataId":"config.our_statistics","dataValue":{"name":"腊肠统计代码","value":""},"dataSpec":{"id":"config.our_statistics","type":"string"}},
                {"dataId":"config.other_statistics","dataValue":{"name":"其他第三方统计代码","value":""},"dataSpec":{"id":"config.other_statistics","type":"string"}}
            ]
        },
        {"template":"pages/product_list.html","name":"商品搜索列表","description":"商品搜索列表","dataProcessor":"@process/product_list_process.jsx","dependsOn":"header,widget"},
        {"template":"pages/product_detail.html","name":"商品详情页","description":"商品详情页","dataProcessor":"@process/product_detail_process.jsx","dependsOn":"header,widget"},
        {"template":"pages/help.html","name":"帮助中心页","description":"帮助中心页","dataProcessor":"@process/help_process.jsx",
            "initData":[
                {"dataId":"config.title","dataValue":{"name":"网站标题","value":""},"dataSpec":{"id":"config.title","type":"string"}},
                {"dataId":"config.keywords","dataValue":{"name":"网站关键字","value":""},"dataSpec":{"id":"config.keywords","type":"string"}},
                {"dataId":"config.description","dataValue":{"name":"网站描述","value":""},"dataSpec":{"id":"config.description","type":"string"}}
            ]
        },
        {"template":"pages/about.html","name":"关于我们","description":"关于我们","dataProcessor":"@process/about_process.jsx",
         "initData":[
             {"dataId":"config.title","dataValue":{"name":"网站标题","value":""},"dataSpec":{"id":"config.title","type":"string"}},
             {"dataId":"config.keywords","dataValue":{"name":"网站关键字","value":""},"dataSpec":{"id":"config.keywords","type":"string"}},
             {"dataId":"config.description","dataValue":{"name":"网站描述","value":""},"dataSpec":{"id":"config.description","type":"string"}}
         ]
        }
    ],
    "rules":[{
        "id":"fullControl",
        "name":"完全控制",
        "pattern":".*"
    },{
        "id":"readOnly",
        "name":"查看权限",
        "pattern":"(pages/viewAppPrivilege/.*)|(pages/viewUserPrivilege/.*)|(pages/home.jsx)"
    }]
}