{
    "context":"newyesr_buyPage",
    "appEditor":{"enabled":true},
    "renderEngine":"artTemplate",
    "pages" : [
        {"url":"/newyesr_buy.jsp","name":"新年Buy","pageId":"newyesr_buy","template":"pages/newyesr_buy.html","dataProcessor":"@pages/index_process.jsx","dependsOn":"header"}
    ],
    "templates" : [
        {"template":"pages/newyesr_buy.html","name":"新年Buy","description":"页面","dataProcessor":"@pages/index_process.jsx"}
    ],
    "rules":[{
        "id":"fullControl",
        "name":"完全控制",
        "pattern":".*"
    },{
        "id":"readOnly",
        "name":"查看权限",
        "pattern":"(pages/viewAppPrivilege/.*)|(pages/viewUserPrivilege/.*)|(pages/home.jsx)"
    }]

}