{
    "context":"bigbuy66Page",
    "appEditor":{"enabled":true},
    "renderEngine":"artTemplate",
    "pages" : [
        {"url":"/bigbuy66.jsp","name":"线上腾飞","pageId":"bigbuy66","template":"pages/bigbuy66.html","dataProcessor":"@pages/index_process.jsx","dependsOn":"header"}
    ],
    "templates" : [
        {"template":"pages/bigbuy66.html","name":"线上腾飞","description":"页面","dataProcessor":"@pages/index_process.jsx"}
    ],
    "rules":[{
        "id":"fullControl",
        "name":"完全控制",
        "pattern":".*"
    },{
        "id":"readOnly",
        "name":"查看权限",
        "pattern":"(pages/viewAppPrivilege/.*)|(pages/viewUserPrivilege/.*)|(pages/home.jsx)"
    }]

}